"","agouti_sequence","image_id","individual","notes"
"1","https://www.agouti.eu/#/project/0e0508af-d3dc-4be6-9806-dbdba5ec3368/annotate/sequence/9a05da25-8886-4124-bfe3-f076c8727f23","195","ABE",NA
"2","https://www.agouti.eu/#/project/0e0508af-d3dc-4be6-9806-dbdba5ec3368/annotate/sequence/1479a34c-f9d5-4697-b26d-58b9372c7510","124","ABE",NA
"3","https://www.agouti.eu/#/project/0e0508af-d3dc-4be6-9806-dbdba5ec3368/annotate/sequence/496dd7b9-9121-4c29-b3af-c79f4d1b2668","8","ABE",NA
"4","https://www.agouti.eu/#/project/0e0508af-d3dc-4be6-9806-dbdba5ec3368/annotate/sequence/9a05da25-8886-4124-bfe3-f076c8727f23","369","SMG",NA
"5","https://www.agouti.eu/#/project/0e0508af-d3dc-4be6-9806-dbdba5ec3368/annotate/sequence/9a05da25-8886-4124-bfe3-f076c8727f23","369","SMG",NA
"6","https://www.agouti.eu/#/project/0e0508af-d3dc-4be6-9806-dbdba5ec3368/annotate/sequence/1479a34c-f9d5-4697-b26d-58b9372c7510","259","SMG",NA
"7","https://www.agouti.eu/#/project/0e0508af-d3dc-4be6-9806-dbdba5ec3368/annotate/sequence/9a05da25-8886-4124-bfe3-f076c8727f23","190","TOM","standing behind juvenile"
"8","https://www.agouti.eu/#/project/0e0508af-d3dc-4be6-9806-dbdba5ec3368/annotate/sequence/1479a34c-f9d5-4697-b26d-58b9372c7510","124","TOM",NA
"9","https://www.agouti.eu/#/project/0e0508af-d3dc-4be6-9806-dbdba5ec3368/annotate/sequence/40043c07-31d3-4db9-9941-039839a8a1b0","22","TOM",NA
"10","https://www.agouti.eu/#/project/0e0508af-d3dc-4be6-9806-dbdba5ec3368/annotate/sequence/9a05da25-8886-4124-bfe3-f076c8727f23","558","CYS",NA
"11","https://www.agouti.eu/#/project/0e0508af-d3dc-4be6-9806-dbdba5ec3368/annotate/sequence/e2b46e04-5933-44a8-907e-e914a05655c9","558","CYS",NA
"12","https://www.agouti.eu/#/project/0e0508af-d3dc-4be6-9806-dbdba5ec3368/annotate/sequence/a3918cc9-2c3c-4302-b52b-20206950ee02","1","CYS",NA
"13","https://www.agouti.eu/#/project/0e0508af-d3dc-4be6-9806-dbdba5ec3368/annotate/sequence/e657fcd0-9141-40cf-9270-7c4e73fc20ec","1","MRE",NA
"14","https://www.agouti.eu/#/project/0e0508af-d3dc-4be6-9806-dbdba5ec3368/annotate/sequence/9a05da25-8886-4124-bfe3-f076c8727f23","193","BEA",NA
"15","https://www.agouti.eu/#/project/0e0508af-d3dc-4be6-9806-dbdba5ec3368/annotate/sequence/1479a34c-f9d5-4697-b26d-58b9372c7510","124","BEA",NA
"16","https://www.agouti.eu/#/project/0e0508af-d3dc-4be6-9806-dbdba5ec3368/annotate/sequence/f256a3fa-7f73-455a-b2ee-3a288a4e8ee4","1","BEA",NA
"17","https://www.agouti.eu/#/project/0e0508af-d3dc-4be6-9806-dbdba5ec3368/annotate/sequence/f256a3fa-7f73-455a-b2ee-3a288a4e8ee4","1","BEA",NA
"18","https://www.agouti.eu/#/project/0e0508af-d3dc-4be6-9806-dbdba5ec3368/annotate/sequence/91502947-533d-4347-a05f-74bff21b5670","140","LEO","with infant and juvenile"
"19","https://www.agouti.eu/#/project/0e0508af-d3dc-4be6-9806-dbdba5ec3368/annotate/sequence/982c3760-80b9-42a5-a228-b90ddf6a8ea5","17","LEO",NA
"20","https://www.agouti.eu/#/project/0e0508af-d3dc-4be6-9806-dbdba5ec3368/annotate/sequence/9a05da25-8886-4124-bfe3-f076c8727f23","52","LEO",NA
"21","https://www.agouti.eu/#/project/0e0508af-d3dc-4be6-9806-dbdba5ec3368/annotate/sequence/5583d3eb-49c1-467d-b738-cabb60064fea","52","LEO",NA
"22","https://www.agouti.eu/#/project/0e0508af-d3dc-4be6-9806-dbdba5ec3368/annotate/sequence/9a05da25-8886-4124-bfe3-f076c8727f23","161","DOT","snoutier than LEO"
"23","https://www.agouti.eu/#/project/0e0508af-d3dc-4be6-9806-dbdba5ec3368/annotate/sequence/1479a34c-f9d5-4697-b26d-58b9372c7510","80","DOT","snoutier than LEO"
"24","https://www.agouti.eu/#/project/0e0508af-d3dc-4be6-9806-dbdba5ec3368/annotate/sequence/1479a34c-f9d5-4697-b26d-58b9372c7510","178","SAD",NA
"25","https://www.agouti.eu/#/project/0e0508af-d3dc-4be6-9806-dbdba5ec3368/annotate/sequence/a3e11e2f-b2a6-425b-9b54-3c38fab8d930","1","SAD",NA
"26","https://www.agouti.eu/#/project/0e0508af-d3dc-4be6-9806-dbdba5ec3368/annotate/sequence/4c037780-57e1-41cf-b82e-aa866ad67eb8","33","LEO","inspect this, might be younger female with messed up left ear"
"27","https://www.agouti.eu/#/project/0e0508af-d3dc-4be6-9806-dbdba5ec3368/annotate/sequence/5583d3eb-49c1-467d-b738-cabb60064fea","1","LEO","NA"
"28","https://www.agouti.eu/#/project/0e0508af-d3dc-4be6-9806-dbdba5ec3368/annotate/sequence/9a05da25-8886-4124-bfe3-f076c8727f2","161","DOT","Snoutier than Leona"
"29","https://www.agouti.eu/#/project/0e0508af-d3dc-4be6-9806-dbdba5ec3368/annotate/sequence/1479a34c-f9d5-4697-b26d-58b9372c7510","80","DOT","NA"
"30","https://www.agouti.eu/#/project/0e0508af-d3dc-4be6-9806-dbdba5ec3368/annotate/sequence/a3e11e2f-b2a6-425b-9b54-3c38fab8d930","178","SAD","NA"
"31","https://www.agouti.eu/#/project/0e0508af-d3dc-4be6-9806-dbdba5ec3368/annotate/sequence/a3e11e2f-b2a6-425b-9b54-3c38fab8d930","576","SAD","NA"
"32","https://www.agouti.eu/#/project/0e0508af-d3dc-4be6-9806-dbdba5ec3368/annotate/sequence/7af13f2e-db6f-493a-aff4-d61cb6e1eb81","24","SAD","NA"
"33","https://www.agouti.eu/#/project/0e0508af-d3dc-4be6-9806-dbdba5ec3368/annotate/sequence/a3e11e2f-b2a6-425b-9b54-3c38fab8d930","1","SAD","NA"
"34","https://www.agouti.eu/#/project/0e0508af-d3dc-4be6-9806-dbdba5ec3368/annotate/sequence/843c7c4a-9546-4b68-9288-9e31bff6de2c","1","SPT","NA"
"35","https://www.agouti.eu/#/project/0e0508af-d3dc-4be6-9806-dbdba5ec3368/annotate/sequence/7069f94a-73f7-4190-8d28-d5c2a85ab3b0","21","SPT","NA"
"36","https://www.agouti.eu/#/project/0e0508af-d3dc-4be6-9806-dbdba5ec3368/annotate/sequence/1479a34c-f9d5-4697-b26d-58b9372c7510","480","SPT","NA"
"37","https://www.agouti.eu/#/project/0e0508af-d3dc-4be6-9806-dbdba5ec3368/annotate/sequence/f1c36f20-9aa0-41ee-bfeb-1ce7e421f54a","1","SPT","NA"
"38","https://www.agouti.eu/#/project/0e0508af-d3dc-4be6-9806-dbdba5ec3368/annotate/sequence/2a3aaba4-3789-481b-b3aa-ace7a57fa7c1","20","YOD","Second arrival"
"39","https://www.agouti.eu/#/project/0e0508af-d3dc-4be6-9806-dbdba5ec3368/annotate/sequence/2a3aaba4-3789-481b-b3aa-ace7a57fa7c1","1","LAR","Check, first arrival"
"40","https://www.agouti.eu/#/project/0e0508af-d3dc-4be6-9806-dbdba5ec3368/annotate/sequence/9a05da25-8886-4124-bfe3-f076c8727f23","621","SKL","NA"
"41","https://www.agouti.eu/#/project/0e0508af-d3dc-4be6-9806-dbdba5ec3368/annotate/sequence/e2b46e04-5933-44a8-907e-e914a05655c9","1","SKL","On back of CYS"
"42","https://www.agouti.eu/#/project/0e0508af-d3dc-4be6-9806-dbdba5ec3368/annotate/sequence/a3918cc9-2c3c-4302-b52b-20206950ee02","1","SKL","Sex with CYS"
"43","https://www.agouti.eu/#/project/0e0508af-d3dc-4be6-9806-dbdba5ec3368/annotate/sequence/9a05da25-8886-4124-bfe3-f076c8727f23","393","FRI","On anvil"
"44","https://www.agouti.eu/#/project/0e0508af-d3dc-4be6-9806-dbdba5ec3368/annotate/sequence/cd493ab7-86e4-4d0c-add1-4b89c01704d2","1","CYS","in color, blurred"
"45","https://www.agouti.eu/#/project/0e0508af-d3dc-4be6-9806-dbdba5ec3368/annotate/sequence/1d371307-63ee-4038-ad5f-60a6348e49e5","1","CYS","in color, blurred"
"46","https://www.agouti.eu/#/project/0e0508af-d3dc-4be6-9806-dbdba5ec3368/annotate/sequence/a703b801-51c8-4c8f-9948-a5cb88dbc5f8","1","SPT",NA
"47","https://www.agouti.eu/#/project/0e0508af-d3dc-4be6-9806-dbdba5ec3368/annotate/sequence/a703b801-51c8-4c8f-9948-a5cb88dbc5f8","41","INK",NA
"48","https://www.agouti.eu/#/project/0e0508af-d3dc-4be6-9806-dbdba5ec3368/annotate/sequence/08a234de-d247-4786-a796-f009e56471a8","1","INK",NA
"49","https://www.agouti.eu/#/project/0e0508af-d3dc-4be6-9806-dbdba5ec3368/annotate/sequence/08a234de-d247-4786-a796-f009e56471a8","1","CYS",NA
"50","https://www.agouti.eu/#/project/0e0508af-d3dc-4be6-9806-dbdba5ec3368/annotate/sequence/08a234de-d247-4786-a796-f009e56471a8","30","TOM",NA
"51","https://www.agouti.eu/#/project/0e0508af-d3dc-4be6-9806-dbdba5ec3368/annotate/sequence/08a234de-d247-4786-a796-f009e56471a8","30","BEA","check this"
"52","https://www.agouti.eu/#/project/0e0508af-d3dc-4be6-9806-dbdba5ec3368/annotate/sequence/982c3760-80b9-42a5-a228-b90ddf6a8ea5","1","TOM",NA
"53","https://www.agouti.eu/#/project/0e0508af-d3dc-4be6-9806-dbdba5ec3368/annotate/sequence/982c3760-80b9-42a5-a228-b90ddf6a8ea5","1","CYS",NA
"54","https://www.agouti.eu/#/project/0e0508af-d3dc-4be6-9806-dbdba5ec3368/annotate/sequence/982c3760-80b9-42a5-a228-b90ddf6a8ea5","16","LEO",NA
"55","https://www.agouti.eu/#/project/0e0508af-d3dc-4be6-9806-dbdba5ec3368/annotate/sequence/26fac7be-9162-440b-af0e-aa8973320a63","16","TOM","2nd opinion wanted"
"56","https://www.agouti.eu/#/project/0e0508af-d3dc-4be6-9806-dbdba5ec3368/annotate/sequence/bc0fbc2a-fc80-4881-8b3e-51120f5a13b8","1","LEO","2nd opinion wanted"
"57","https://www.agouti.eu/#/project/0e0508af-d3dc-4be6-9806-dbdba5ec3368/annotate/sequence/4d281531-fb8d-4f9d-b52a-f85ed1e0441b","1","SPT",NA
"58","https://www.agouti.eu/#/project/0e0508af-d3dc-4be6-9806-dbdba5ec3368/annotate/sequence/d90f1640-b5d1-47e3-bb0e-5724a6b94957","1","SPT",NA
"59","https://www.agouti.eu/#/project/0e0508af-d3dc-4be6-9806-dbdba5ec3368/annotate/sequence/cae5bca8-b5e4-4744-af80-803eeab88eda","1","OLG","good ID sequence"
"60","https://www.agouti.eu/#/project/0e0508af-d3dc-4be6-9806-dbdba5ec3368/annotate/sequence/40043c07-31d3-4db9-9941-039839a8a1b0","1","OLG","best sequence, see cavities etc"
"61","https://www.agouti.eu/#/project/0e0508af-d3dc-4be6-9806-dbdba5ec3368/annotate/sequence/da7d243a-a58e-4fbe-9aba-749c3fb813d7","1","SPT",NA
"62","https://www.agouti.eu/#/project/0e0508af-d3dc-4be6-9806-dbdba5ec3368/annotate/sequence/bb19c2a4-c9f5-4cda-9420-0a622f264ecd","1","ABE","check, could also be SMG"
"63","https://www.agouti.eu/#/project/0e0508af-d3dc-4be6-9806-dbdba5ec3368/annotate/sequence/dddae03a-b3b2-46ff-aa90-ba2eb6d3f42d","12","SMG",NA
"64","https://www.agouti.eu/#/project/0e0508af-d3dc-4be6-9806-dbdba5ec3368/annotate/sequence/e3b04ec6-d287-4f8c-a41c-3cd680ef7ac7","1","LEO","with infant and two juveniles"
"65","https://www.agouti.eu/#/project/0e0508af-d3dc-4be6-9806-dbdba5ec3368/annotate/sequence/f5f8532b-4af1-4756-a163-c8139dad4098","12","CYS","check, need second opinion"
"66","https://www.agouti.eu/#/project/0e0508af-d3dc-4be6-9806-dbdba5ec3368/annotate/sequence/f5f8532b-4af1-4756-a163-c8139dad4098","87","LEO","check, with infant and two juveniles"
"67","https://www.agouti.eu/#/project/0e0508af-d3dc-4be6-9806-dbdba5ec3368/annotate/sequence/f5f8532b-4af1-4756-a163-c8139dad4098","1","ABE","check or SMG"
"68","https://www.agouti.eu/#/project/0e0508af-d3dc-4be6-9806-dbdba5ec3368/annotate/sequence/801664b8-63d8-4652-85b3-581ab0d4b284","1","LEO","90% positive it's her"
"69","https://www.agouti.eu/#/project/0e0508af-d3dc-4be6-9806-dbdba5ec3368/annotate/sequence/59acfede-b855-4674-93a6-70eb898c19dc","1","LEO","with infant and juvenile"
"70","https://www.agouti.eu/#/project/0e0508af-d3dc-4be6-9806-dbdba5ec3368/annotate/sequence/e3d3d5c9-2651-4ed7-814a-1b6f490666a9","62","LEO","with infant and juveniles"
"71","https://www.agouti.eu/#/project/0e0508af-d3dc-4be6-9806-dbdba5ec3368/annotate/sequence/9e5ad2dc-e2f2-449b-bc2b-b39ea4448c47","1","LAR","dot left ear"
"72","https://www.agouti.eu/#/project/0e0508af-d3dc-4be6-9806-dbdba5ec3368/annotate/sequence/d04e1f81-a109-4583-9e03-faf32baaed19","1","SPT",NA
"73","https://www.agouti.eu/#/project/0e0508af-d3dc-4be6-9806-dbdba5ec3368/annotate/sequence/0ba9b991-b28f-4486-8e4d-843fd0bbca48","11","ABE","lower canine sticking out (left side)"
"74","https://www.agouti.eu/#/project/0e0508af-d3dc-4be6-9806-dbdba5ec3368/annotate/sequence/85934761-9219-4b72-89dd-ec80366011a7","1","LEO","with infant and juveniles"
"75","https://www.agouti.eu/#/project/0e0508af-d3dc-4be6-9806-dbdba5ec3368/annotate/sequence/007dd511-58f3-4bbb-a768-066126b3618a","1","LAR","dot left ear"
"76","https://www.agouti.eu/#/project/0e0508af-d3dc-4be6-9806-dbdba5ec3368/annotate/sequence/e439a915-68c8-423a-ad47-9aaedfdeafb5","1","INK",NA
"77","https://www.agouti.eu/#/project/0e0508af-d3dc-4be6-9806-dbdba5ec3368/annotate/sequence/1a2f2213-e8f8-45fa-a240-921aa299f780","1","SPT",NA
"78","https://www.agouti.eu/#/project/0e0508af-d3dc-4be6-9806-dbdba5ec3368/annotate/sequence/1a2f2213-e8f8-45fa-a240-921aa299f780","28","LEO","not sure, check"
"79","https://www.agouti.eu/#/project/0e0508af-d3dc-4be6-9806-dbdba5ec3368/annotate/sequence/39b74e36-97fc-4345-a479-3caf30f0791e","1","SPT","double-check"
"80","https://www.agouti.eu/#/project/0e0508af-d3dc-4be6-9806-dbdba5ec3368/annotate/sequence/0b56aad7-683a-4315-9e99-6d72c9b6a37e","1","CYS",NA
"81","https://www.agouti.eu/#/project/0e0508af-d3dc-4be6-9806-dbdba5ec3368/annotate/sequence/9da4c001-b343-41ce-aa93-fa1118e4db05","25","LEO","double-check, with infant and juvenile with white on side of legs"
"82","https://www.agouti.eu/#/project/0e0508af-d3dc-4be6-9806-dbdba5ec3368/annotate/sequence/1458e88d-a015-450c-b783-05b3d1ad997c","9","LAR",NA
"83","https://www.agouti.eu/#/project/0e0508af-d3dc-4be6-9806-dbdba5ec3368/annotate/sequence/1458e88d-a015-450c-b783-05b3d1ad997c","1","MRE",NA
"84","https://www.agouti.eu/#/project/0e0508af-d3dc-4be6-9806-dbdba5ec3368/annotate/sequence/c1097711-4b1b-4ec6-b107-3ea30e419ff7","11","SPT",NA
"85","https://www.agouti.eu/#/project/0e0508af-d3dc-4be6-9806-dbdba5ec3368/annotate/sequence/90e4bac3-4324-45af-aa80-7bdd229f8027","1","LAR",NA
"86","https://www.agouti.eu/#/project/0e0508af-d3dc-4be6-9806-dbdba5ec3368/annotate/sequence/c2bbfe5e-a881-4028-940d-59d7d618dfa9","1","LAR",NA
"87","https://www.agouti.eu/#/project/0e0508af-d3dc-4be6-9806-dbdba5ec3368/annotate/sequence/fc07d53a-35cd-44ad-9fba-7017f0b3d33e","1","LAR",""
"88","https://www.agouti.eu/#/project/0e0508af-d3dc-4be6-9806-dbdba5ec3368/annotate/sequence/feed2759-63d0-4d20-bafc-0a230c2340c7","1","LAR","continuation of previous sequence"
"89","https://www.agouti.eu/#/project/0e0508af-d3dc-4be6-9806-dbdba5ec3368/annotate/sequence/2c01125b-8fd9-499d-9259-9601b791fd3a","1","LAR","continuation of previous two sequences"
"90","https://www.agouti.eu/#/project/0e0508af-d3dc-4be6-9806-dbdba5ec3368/annotate/sequence/d84a8702-2d32-4861-9e87-583f10c001be","1","LAR","continuation of previous three sequences"
"91","https://www.agouti.eu/#/project/0e0508af-d3dc-4be6-9806-dbdba5ec3368/annotate/sequence/5532097b-213f-4526-9cdc-ad45e67547ea","1","MRE","Check ID, I am basing this on a hunch and one picture of the back of his head. Also check behavior? (vigilance?)"
"92","https://www.agouti.eu/#/project/0e0508af-d3dc-4be6-9806-dbdba5ec3368/annotate/sequence/435b7356-e9a2-409d-91f8-46168f361285","1","SPT",""
"93","https://www.agouti.eu/#/project/0e0508af-d3dc-4be6-9806-dbdba5ec3368/annotate/sequence/dc882d0a-743b-4a57-8357-3301cb3b2e69","1","SPT",""
"94","https://www.agouti.eu/#/project/0e0508af-d3dc-4be6-9806-dbdba5ec3368/annotate/sequence/b50580ec-7841-4088-b117-d9393e4b1ec2","1","SPT",""
"95","https://www.agouti.eu/#/project/0e0508af-d3dc-4be6-9806-dbdba5ec3368/annotate/sequence/4481463f-aa03-412e-a705-7f8f5727a688","11","SPT",""
"96","https://www.agouti.eu/#/project/0e0508af-d3dc-4be6-9806-dbdba5ec3368/annotate/sequence/d7ae35df-e761-4562-9c3b-3a7eac6d65e2","1","SPT",""
"97","https://www.agouti.eu/#/project/0e0508af-d3dc-4be6-9806-dbdba5ec3368/annotate/sequence/e351ee62-8552-45f1-8c8f-a9d17fe7af7e","1","SPT",""
"98","https://www.agouti.eu/#/project/0e0508af-d3dc-4be6-9806-dbdba5ec3368/annotate/sequence/1c343392-0bf0-4169-8a3d-3a2ea0c611b0","1","SPT",""
"99","https://www.agouti.eu/#/project/0e0508af-d3dc-4be6-9806-dbdba5ec3368/annotate/sequence/48569810-10f6-498d-bf8b-f4c418d1239c","1","SMG",""
"100","https://www.agouti.eu/#/project/0e0508af-d3dc-4be6-9806-dbdba5ec3368/annotate/sequence/3745b28a-1ab9-43f2-86b7-d9a4e56247bf","1","OLG",""
"101","https://www.agouti.eu/#/project/0e0508af-d3dc-4be6-9806-dbdba5ec3368/annotate/sequence/528b40d2-c6df-433c-8cc4-35fa664147c3","1","OLG","Or Bea, check!"
"102","https://www.agouti.eu/#/project/0e0508af-d3dc-4be6-9806-dbdba5ec3368/annotate/sequence/013278da-eba0-44ae-874e-d3d4a453732d","15","OLG","Check, can also be BEA"
"103","https://www.agouti.eu/#/project/0e0508af-d3dc-4be6-9806-dbdba5ec3368/annotate/sequence/e455af8b-68ec-46e2-a66c-0eae9822001b","1","SPT",""
"104","https://www.agouti.eu/#/project/0e0508af-d3dc-4be6-9806-dbdba5ec3368/annotate/sequence/c986ac8c-1f31-4e5a-99f0-16672263439f","1","SPT","Check, I am 95% sure (I think it's the same as the sequence before where I was confident it was spot)"
"105","https://www.agouti.eu/#/project/0e0508af-d3dc-4be6-9806-dbdba5ec3368/annotate/sequence/4af9f216-8094-479d-b7bf-5ef7e68b4dc5","1","SPT",""
"106","https://www.agouti.eu/#/project/0e0508af-d3dc-4be6-9806-dbdba5ec3368/annotate/sequence/f8f76514-e85a-4717-b251-5bd21e846058","1","SPT",""
"107","https://www.agouti.eu/#/project/0e0508af-d3dc-4be6-9806-dbdba5ec3368/annotate/sequence/09f47023-7320-4e67-acb5-ae8020821cf0","1","SPT",""
"108","https://www.agouti.eu/#/project/0e0508af-d3dc-4be6-9806-dbdba5ec3368/annotate/sequence/4aa078ee-1ec2-4e9b-86b1-fc2a86d5e7e9","1","ABE","CHECK! could also be CYS"
"109","https://www.agouti.eu/#/project/0e0508af-d3dc-4be6-9806-dbdba5ec3368/annotate/sequence/b1331256-0a01-45d0-bed1-98df3f29331b","1","SPT",""
"110","https://www.agouti.eu/#/project/0e0508af-d3dc-4be6-9806-dbdba5ec3368/annotate/sequence/e71296fd-1d5a-4ee9-94a6-89b72f843456","1","SPT",""
"111","https://www.agouti.eu/#/project/0e0508af-d3dc-4be6-9806-dbdba5ec3368/annotate/sequence/b4e9ed50-5bde-4f55-88f4-9d73c54d737e","1","SPT",""
"112","https://www.agouti.eu/#/project/0e0508af-d3dc-4be6-9806-dbdba5ec3368/annotate/sequence/929a000c-59b5-420b-a359-fb379cbc3b6f","1","SPT",""
"113","https://www.agouti.eu/#/project/0e0508af-d3dc-4be6-9806-dbdba5ec3368/annotate/sequence/9899d57b-02f8-4533-8f48-b84ff8f2a8a4","1","SPT",""
"114","https://www.agouti.eu/#/project/0e0508af-d3dc-4be6-9806-dbdba5ec3368/annotate/sequence/76acd22f-e972-46d7-8de6-07e2e170dff4","1","SPT",""
"115","https://www.agouti.eu/#/project/0e0508af-d3dc-4be6-9806-dbdba5ec3368/annotate/sequence/9c5f1e2e-9434-4b41-adba-463738eb6285","1","ABE","Check, could be CYS"
"116","https://www.agouti.eu/#/project/0e0508af-d3dc-4be6-9806-dbdba5ec3368/annotate/sequence/7ccc9c7b-1595-4882-94b1-c6e4fb0f53c5","1","SPT",""
"117","https://www.agouti.eu/#/project/0e0508af-d3dc-4be6-9806-dbdba5ec3368/annotate/sequence/ba44923e-9594-49dc-a6ac-8459a3ae8824","1","SPT",""
"118","https://www.agouti.eu/#/project/0e0508af-d3dc-4be6-9806-dbdba5ec3368/annotate/sequence/df145510-65ac-4d9e-af32-322fb17c8307","1","SPT",""
"119","https://www.agouti.eu/#/project/0e0508af-d3dc-4be6-9806-dbdba5ec3368/annotate/sequence/e2a8bf5a-8dea-45cf-9f03-f4b9020e22e3","1","LAR","Check! if not larry then also change 3 sequences after it"
"120","https://www.agouti.eu/#/project/0e0508af-d3dc-4be6-9806-dbdba5ec3368/annotate/sequence/99d4567d-55cd-4fd9-9332-417b783564d9","1","LAR",""
"121","https://www.agouti.eu/#/project/0e0508af-d3dc-4be6-9806-dbdba5ec3368/annotate/sequence/61bc966e-77b4-46df-b85d-ef0231368bce","1","LAR",""
"122","https://www.agouti.eu/#/project/0e0508af-d3dc-4be6-9806-dbdba5ec3368/annotate/sequence/721da3ed-36c0-47ab-88c7-a6fb3ded120d","1","LAR",""
"123","https://www.agouti.eu/#/project/0e0508af-d3dc-4be6-9806-dbdba5ec3368/annotate/sequence/88c02561-44a3-4802-befc-707fa5e1d461","1","TOM","I wasn't sure, Check, I didn't code it yet (only as comment)"
"124","https://www.agouti.eu/#/project/0e0508af-d3dc-4be6-9806-dbdba5ec3368/annotate/sequence/97818bc7-bc41-4b7e-85f4-9029845a79e5","1","OLG","Pregnant. 80% sure, could be BEA"
"125","https://www.agouti.eu/#/project/0e0508af-d3dc-4be6-9806-dbdba5ec3368/annotate/sequence/103c6fc8-3bcd-4ceb-9112-b79264741de5","1","SPT",""
"126","https://www.agouti.eu/#/project/0e0508af-d3dc-4be6-9806-dbdba5ec3368/annotate/sequence/4db9eccb-4629-4ad4-bcd2-c6222a9553e0","1","SPT",""
"127","https://www.agouti.eu/#/project/0e0508af-d3dc-4be6-9806-dbdba5ec3368/annotate/sequence/841463b5-6396-4cfb-9bd7-53becb077455","1","SPT",""
"128","https://www.agouti.eu/#/project/0e0508af-d3dc-4be6-9806-dbdba5ec3368/annotate/sequence/cd6ed99a-b819-423f-92ec-5ac5d3a0d0c9","1","SPT",""
"129","https://www.agouti.eu/#/project/0e0508af-d3dc-4be6-9806-dbdba5ec3368/annotate/sequence/c5d632f7-6143-4b4d-bcf6-b81d6ffde301","1","SPT",""
"130","https://www.agouti.eu/#/project/0e0508af-d3dc-4be6-9806-dbdba5ec3368/annotate/sequence/60972c7b-f2a3-4903-80fe-a00172bc51bc","1","SPT",""
"131","https://www.agouti.eu/#/project/0e0508af-d3dc-4be6-9806-dbdba5ec3368/annotate/sequence/9dc4040e-342f-4518-a661-1a0a94110eb4","1","TOM","Check this"
"132","https://www.agouti.eu/#/project/0e0508af-d3dc-4be6-9806-dbdba5ec3368/annotate/sequence/46c0ef8e-f7f6-4df7-a0ee-dd83c74433d0","1","TOM","Check this"
"133","https://www.agouti.eu/#/project/0e0508af-d3dc-4be6-9806-dbdba5ec3368/annotate/sequence/bfc47d9d-0a32-48a1-a32b-b7b95832f7ea","12","SMG","Check"
"134","https://www.agouti.eu/#/project/0e0508af-d3dc-4be6-9806-dbdba5ec3368/annotate/sequence/c18c527b-fb96-4c94-92c2-4df3b2eda4d7","1","SPT",""
"135","https://www.agouti.eu/#/project/0e0508af-d3dc-4be6-9806-dbdba5ec3368/annotate/sequence/3115d838-2fa7-4c45-b55c-ad38d4e910db","1","SPT",""
"136","https://www.agouti.eu/#/project/0e0508af-d3dc-4be6-9806-dbdba5ec3368/annotate/sequence/4d21147b-070c-4771-8c05-8580e3ea3f19","1","SPT",""
"137","https://www.agouti.eu/#/project/0e0508af-d3dc-4be6-9806-dbdba5ec3368/annotate/sequence/4f14ea17-aa50-4476-af9a-45fbee7a8c65","1","SPT",""
"138","https://www.agouti.eu/#/project/0e0508af-d3dc-4be6-9806-dbdba5ec3368/annotate/sequence/9a6883a4-7992-4ea2-a362-2c63a846b6ac","1","SPT",""
"139","https://www.agouti.eu/#/project/0e0508af-d3dc-4be6-9806-dbdba5ec3368/annotate/sequence/ab4eb164-6ee6-4296-90e7-c27425ee63ce","1","SPT",""
"140","https://www.agouti.eu/#/project/0e0508af-d3dc-4be6-9806-dbdba5ec3368/annotate/sequence/ab4eb164-6ee6-4296-90e7-c27425ee63ce","11","TOM","Double check ID"
"141","https://www.agouti.eu/#/project/0e0508af-d3dc-4be6-9806-dbdba5ec3368/annotate/sequence/47afcf18-4509-456b-905a-f8518f714920","1","SMG",""
"142","https://www.agouti.eu/#/project/0e0508af-d3dc-4be6-9806-dbdba5ec3368/annotate/sequence/c1815ea7-1d79-4b9a-9c5e-c8d1307c13f6","1","SPT",""
"143","https://www.agouti.eu/#/project/0e0508af-d3dc-4be6-9806-dbdba5ec3368/annotate/sequence/ac24c862-c925-4caf-8051-e6f7e31ad129","1","LAR",""
"144","https://www.agouti.eu/#/project/0e0508af-d3dc-4be6-9806-dbdba5ec3368/annotate/sequence/5806521b-0ab2-4cd7-906d-35ba764db19a","1","ABE",""
"145","https://www.agouti.eu/#/project/0e0508af-d3dc-4be6-9806-dbdba5ec3368/annotate/sequence/cac333e5-bda2-43e4-b805-35a8ff458a19","1","LAR","asymetrical peak, white spot left ear"
"146","https://www.agouti.eu/#/project/0e0508af-d3dc-4be6-9806-dbdba5ec3368/annotate/sequence/fbc0046d-157d-408c-a3f7-47067ef3ab94","1","LAR","asymetrical peak, white spot left ear"
"147","https://www.agouti.eu/#/project/0e0508af-d3dc-4be6-9806-dbdba5ec3368/annotate/sequence/fcc5d069-bb53-450d-9d51-ab7a6c881d21","1","LAR","asymetrical peak, white spot left ear"
"148","https://www.agouti.eu/#/project/0e0508af-d3dc-4be6-9806-dbdba5ec3368/annotate/sequence/4a9bb448-b963-452d-a300-bd0462c6942b","1","TOM",""
"149","https://www.agouti.eu/#/project/0e0508af-d3dc-4be6-9806-dbdba5ec3368/annotate/sequence/15df25cb-1a18-4254-81b8-d999d7eedec5","1","ABE",""
"150","https://www.agouti.eu/#/project/0e0508af-d3dc-4be6-9806-dbdba5ec3368/annotate/sequence/15df25cb-1a18-4254-81b8-d999d7eedec5","1","BEA","check this!"
"151","https://www.agouti.eu/#/project/0e0508af-d3dc-4be6-9806-dbdba5ec3368/annotate/sequence/ebff7d74-1b38-42c3-8af5-7c7651fc2516","1","TOM",""
"152","https://www.agouti.eu/#/project/0e0508af-d3dc-4be6-9806-dbdba5ec3368/annotate/sequence/4e12c26d-aae9-472a-ad2d-2d1aed140ff2","1","SAD",""
"153","https://www.agouti.eu/#/project/0e0508af-d3dc-4be6-9806-dbdba5ec3368/annotate/sequence/4e12c26d-aae9-472a-ad2d-2d1aed140ff2","1","SMG",""
"154","https://www.agouti.eu/#/project/0e0508af-d3dc-4be6-9806-dbdba5ec3368/annotate/sequence/4e12c26d-aae9-472a-ad2d-2d1aed140ff2","1","ABE",""
"155","https://www.agouti.eu/#/project/0e0508af-d3dc-4be6-9806-dbdba5ec3368/annotate/sequence/fe86a534-456c-4ef0-9d11-b5e0df87b327","1","SMG",""
"156","https://www.agouti.eu/#/project/0e0508af-d3dc-4be6-9806-dbdba5ec3368/annotate/sequence/fe86a534-456c-4ef0-9d11-b5e0df87b327","1","TOM",""
"157","https://www.agouti.eu/#/project/0e0508af-d3dc-4be6-9806-dbdba5ec3368/annotate/sequence/158dd0f4-ae01-422f-ac17-e56cdf442d42","1","TOM",""
"158","https://www.agouti.eu/#/project/0e0508af-d3dc-4be6-9806-dbdba5ec3368/annotate/sequence/158dd0f4-ae01-422f-ac17-e56cdf442d42","1","SAD",""
"159","https://www.agouti.eu/#/project/0e0508af-d3dc-4be6-9806-dbdba5ec3368/annotate/sequence/c4ae1497-5825-4720-a1cf-72467417f752","1","SAD",""
"160","https://www.agouti.eu/#/project/0e0508af-d3dc-4be6-9806-dbdba5ec3368/annotate/sequence/eabca757-1dbc-4419-a357-838005cdf8db","1","SAD",""
"161","https://www.agouti.eu/#/project/0e0508af-d3dc-4be6-9806-dbdba5ec3368/annotate/sequence/c90adcd6-49f2-4fd1-86e4-37027725141c","1","SAD",""
"162","https://www.agouti.eu/#/project/0e0508af-d3dc-4be6-9806-dbdba5ec3368/annotate/sequence/9d393f20-d020-4c4a-958c-d75b98a1b5e9","1","SMG",""
"163","https://www.agouti.eu/#/project/0e0508af-d3dc-4be6-9806-dbdba5ec3368/annotate/sequence/8ac8d2f8-1cf9-4e9d-8b8b-099496ab78c9","1","SAD",""
"164","https://www.agouti.eu/#/project/0e0508af-d3dc-4be6-9806-dbdba5ec3368/annotate/sequence/0e0f08dd-d16d-4530-a946-24bc03f94d16","1","DOT",""
"165","https://www.agouti.eu/#/project/0e0508af-d3dc-4be6-9806-dbdba5ec3368/annotate/sequence/0e0f08dd-d16d-4530-a946-24bc03f94d16","1","LAR",""
"166","https://www.agouti.eu/#/project/0e0508af-d3dc-4be6-9806-dbdba5ec3368/annotate/sequence/3ec8a42c-e29b-4a46-816f-1d8cab5a9538","1","SMG",""
"167","https://www.agouti.eu/#/project/0e0508af-d3dc-4be6-9806-dbdba5ec3368/annotate/sequence/c5baff2d-f54d-41c6-ab53-4e9791cedfe1","1","DOT",""
"168","https://www.agouti.eu/#/project/0e0508af-d3dc-4be6-9806-dbdba5ec3368/annotate/sequence/a38944fd-032d-4c69-a866-31d7dea6f9bb","1","SPT",""
"169","https://www.agouti.eu/#/project/0e0508af-d3dc-4be6-9806-dbdba5ec3368/annotate/sequence/16d4db4d-67aa-4415-a2f6-a5adc396a861","1","TOM",""
"170","https://www.agouti.eu/#/project/0e0508af-d3dc-4be6-9806-dbdba5ec3368/annotate/sequence/0c0eac67-f68e-4cb5-970f-17ee1eeda6d1","1","SAD",""
"171","https://www.agouti.eu/#/project/0e0508af-d3dc-4be6-9806-dbdba5ec3368/annotate/sequence/4f77af5f-9909-4f5b-85f7-636919664512","1","SMG",""
"172","https://www.agouti.eu/#/project/0e0508af-d3dc-4be6-9806-dbdba5ec3368/annotate/sequence/7049d9c6-1fa1-4904-9bf3-12108da4ab2d","1","OLG","Both Brendan and ZG think so, but not 100%"
"173","https://www.agouti.eu/#/project/0e0508af-d3dc-4be6-9806-dbdba5ec3368/annotate/sequence/bde98f22-b178-4577-824f-f012600e6b79","1","TOM",""
"174","https://www.agouti.eu/#/project/0e0508af-d3dc-4be6-9806-dbdba5ec3368/annotate/sequence/f0d05749-529e-48e1-9644-b2f8856cdc79","1","SMG",""
"175","https://www.agouti.eu/#/project/0e0508af-d3dc-4be6-9806-dbdba5ec3368/annotate/sequence/cd5dac1d-cfe7-427e-90b7-8f3dfa050190","1","BEA or OLG","80% sure, could be OLG too"
